"hidden_dimensions","embedding_dimensions","fine_accuracy","coarse_accuracy","pred_0","pred_1","pred_2","pred_3","pred_4","pred_class","R_i","R_hate","R_the","R_movie","R_though","R_the2","R_plot","R_is","R_interesting","R_period","heatmap_html"
3,3,0.3025,0.5497572815534,0.08922741,0.49290333,-1.01831183,1.16833354,0.89940089,3,-0.29,-0.45,0.21,0.01,0.30,-0.19,-0.18,-0.10,0.19,-0.15,<span style="background-color:#5656ff">i</span> <span style="background-color:#0000ff">hate</span> <span style="background-color:#ff8686">the</span> <span style="background-color:#fff8f8">movie</span> <span style="background-color:#ff5050">though</span> <span style="background-color:#9292ff">the</span> <span style="background-color:#9a9aff">plot</span> <span style="background-color:#c8c8ff">is</span> <span style="background-color:#ff9292">interesting</span> <span style="background-color:#aaaaff">.</span> 
3,4,0.3635,0.6868932038835,-0.81532341,0.22806844,-0.05436461,0.58339961,-0.75562221,3,-0.36,0.22,0.20,-0.08,-0.33,-0.07,-0.13,-0.09,0.63,-0.38,<span style="background-color:#6c6cff">i</span> <span style="background-color:#ffa6a6">hate</span> <span style="background-color:#ffb0b0">the</span> <span style="background-color:#dedeff">movie</span> <span style="background-color:#7878ff">though</span> <span style="background-color:#e3e3ff">the</span> <span style="background-color:#ccccff">plot</span> <span style="background-color:#dadaff">is</span> <span style="background-color:#ff0000">interesting</span> <span style="background-color:#6666ff">.</span> 
3,5,0.2815,0.51820388349515,-0.4046923,0.3639674,-0.56531213,0.50298705,-0.17235045,3,-0.61,0.61,-0.15,-0.08,-0.27,-0.17,-0.12,-0.11,0.19,-0.22,<span style="background-color:#0000ff">i</span> <span style="background-color:#ff0101">hate</span> <span style="background-color:#c0c0ff">the</span> <span style="background-color:#dcdcff">movie</span> <span style="background-color:#9090ff">though</span> <span style="background-color:#b8b8ff">the</span> <span style="background-color:#ceceff">plot</span> <span style="background-color:#d2d2ff">is</span> <span style="background-color:#ffb2b2">interesting</span> <span style="background-color:#a2a2ff">.</span> 
3,7,0.417,0.77427184466019,0.05293921,1.08888223,0.09787885,-0.32881441,-2.44620512,1,-0.68,0.90,-0.20,0.02,0.62,-0.17,0.04,-0.03,-0.17,-0.37,<span style="background-color:#3e3eff">i</span> <span style="background-color:#ff0000">hate</span> <span style="background-color:#c6c6ff">the</span> <span style="background-color:#fffafa">movie</span> <span style="background-color:#ff5050">though</span> <span style="background-color:#d0d0ff">the</span> <span style="background-color:#fff6f6">plot</span> <span style="background-color:#f6f6ff">is</span> <span style="background-color:#d0d0ff">interesting</span> <span style="background-color:#9696ff">.</span> 
3,10,0.427,0.76699029126214,-0.10798372,0.14671873,-0.09367619,0.69087471,-0.40994189,3,-1.03,-0.39,0.12,-0.15,0.14,0.21,-0.10,-0.11,0.51,0.06,<span style="background-color:#0000ff">i</span> <span style="background-color:#9e9eff">hate</span> <span style="background-color:#ffe0e0">the</span> <span style="background-color:#dadaff">movie</span> <span style="background-color:#ffdcdc">though</span> <span style="background-color:#ffcccc">the</span> <span style="background-color:#e3e3ff">plot</span> <span style="background-color:#e3e3ff">is</span> <span style="background-color:#ff8080">interesting</span> <span style="background-color:#fff0f0">.</span> 
3,15,0.426,0.77609223300971,-0.51913294,0.58502994,0.50711308,-0.13515499,-2.10263783,1,-0.78,0.69,0.15,-0.01,0.13,-0.04,0.18,-0.04,-0.46,-0.22,<span style="background-color:#0000ff">i</span> <span style="background-color:#ff1c1c">hate</span> <span style="background-color:#ffcccc">the</span> <span style="background-color:#fafaff">movie</span> <span style="background-color:#ffd3d3">though</span> <span style="background-color:#f0f0ff">the</span> <span style="background-color:#ffc2c2">plot</span> <span style="background-color:#f2f2ff">is</span> <span style="background-color:#6868ff">interesting</span> <span style="background-color:#b8b8ff">.</span> 
3,20,0.4365,0.78883495145631,1.10475059,0.98570102,-0.50666283,-0.42591619,-0.17162617,0,-0.06,2.29,-0.04,0.05,-0.35,-0.01,0.46,0.02,-1.23,0.09,<span style="background-color:#f8f8ff">i</span> <span style="background-color:#ff0000">hate</span> <span style="background-color:#fafaff">the</span> <span style="background-color:#fffafa">movie</span> <span style="background-color:#d8d8ff">though</span> <span style="background-color:#fefeff">the</span> <span style="background-color:#ffcccc">plot</span> <span style="background-color:#fffefe">is</span> <span style="background-color:#7676ff">interesting</span> <span style="background-color:#fff4f4">.</span> 
4,3,0.2825,0.52791262135922,-0.31463888,0.06818692,-0.61521188,0.88544103,0.27287694,3,-0.41,-0.15,0.10,-0.07,-0.19,-0.11,-0.10,-0.09,0.44,-0.30,<span style="background-color:#0e0eff">i</span> <span style="background-color:#a8a8ff">hate</span> <span style="background-color:#ffc3c3">the</span> <span style="background-color:#d8d8ff">movie</span> <span style="background-color:#9090ff">though</span> <span style="background-color:#c0c0ff">the</span> <span style="background-color:#c3c3ff">plot</span> <span style="background-color:#cacaff">is</span> <span style="background-color:#ff0000">interesting</span> <span style="background-color:#5151ff">.</span> 
4,4,0.39,0.75970873786408,-0.21603904,0.32769277,0.18804638,0.41681715,-0.79883874,3,-0.05,0.19,-0.07,-0.09,-0.32,-0.04,-0.45,-0.03,0.83,0.00,<span style="background-color:#eeeeff">i</span> <span style="background-color:#ffc2c2">hate</span> <span style="background-color:#e8e8ff">the</span> <span style="background-color:#e2e2ff">movie</span> <span style="background-color:#9e9eff">though</span> <span style="background-color:#f2f2ff">the</span> <span style="background-color:#7474ff">plot</span> <span style="background-color:#f6f6ff">is</span> <span style="background-color:#ff0000">interesting</span> <span style="background-color:#fffefe">.</span> 
4,5,0.411,0.78216019417476,0.50110307,1.46888471,0.07720122,-0.65848586,-2.75071135,1,-1.33,1.16,-0.03,0.08,0.09,-0.32,0.43,-0.03,-0.71,-0.20,<span style="background-color:#0000ff">i</span> <span style="background-color:#ff2020">hate</span> <span style="background-color:#f8f8ff">the</span> <span style="background-color:#ffeeee">movie</span> <span style="background-color:#ffeeee">though</span> <span style="background-color:#c2c2ff">the</span> <span style="background-color:#ffacac">plot</span> <span style="background-color:#f8f8ff">is</span> <span style="background-color:#7676ff">interesting</span> <span style="background-color:#dadaff">.</span> 
4,7,0.4255,0.79550970873786,-0.19926231,0.97472329,0.26884193,-0.46778486,-2.72260246,1,-0.69,1.17,-0.01,0.13,0.36,-0.16,0.65,-0.04,-0.59,-0.44,<span style="background-color:#6868ff">i</span> <span style="background-color:#ff0000">hate</span> <span style="background-color:#fefeff">the</span> <span style="background-color:#ffe2e2">movie</span> <span style="background-color:#ffb0b0">though</span> <span style="background-color:#dcdcff">the</span> <span style="background-color:#ff7070">plot</span> <span style="background-color:#f6f6ff">is</span> <span style="background-color:#8080ff">interesting</span> <span style="background-color:#a0a0ff">.</span> 
4,10,0.426,0.77609223300971,0.24524569,0.80625195,-0.01529006,0.22967604,-1.30696626,1,-0.35,1.84,0.06,-0.16,-0.11,-0.14,0.27,-0.20,-0.96,-0.65,<span style="background-color:#ceceff">i</span> <span style="background-color:#ff0000">hate</span> <span style="background-color:#fff6f6">the</span> <span style="background-color:#e8e8ff">movie</span> <span style="background-color:#f0f0ff">though</span> <span style="background-color:#ececff">the</span> <span style="background-color:#ffdada">plot</span> <span style="background-color:#e2e2ff">is</span> <span style="background-color:#7878ff">interesting</span> <span style="background-color:#a6a6ff">.</span> 
4,15,0.4305,0.79065533980583,1.26052357,1.66761129,-0.00980558,-1.13632212,-2.19746621,1,-0.86,2.40,-0.25,0.02,-0.09,0.05,0.86,-0.46,-2.03,0.24,<span style="background-color:#a2a2ff">i</span> <span style="background-color:#ff0000">hate</span> <span style="background-color:#e3e3ff">the</span> <span style="background-color:#fffcfc">movie</span> <span style="background-color:#f3f3ff">though</span> <span style="background-color:#fffafa">the</span> <span style="background-color:#ffa3a3">plot</span> <span style="background-color:#ceceff">is</span> <span style="background-color:#2626ff">interesting</span> <span style="background-color:#ffe6e6">.</span> 
4,20,0.4235,0.7997572815534,1.17680425,0.75845263,-0.67692071,0.3916111,0.12060181,0,-0.57,2.11,0.11,0.08,-0.30,-0.09,0.16,-0.39,-0.79,-0.73,<span style="background-color:#babaff">i</span> <span style="background-color:#ff0000">hate</span> <span style="background-color:#fff2f2">the</span> <span style="background-color:#fff6f6">movie</span> <span style="background-color:#dcdcff">though</span> <span style="background-color:#f3f3ff">the</span> <span style="background-color:#ffecec">plot</span> <span style="background-color:#d0d0ff">is</span> <span style="background-color:#a0a0ff">interesting</span> <span style="background-color:#a6a6ff">.</span> 
5,3,0.411,0.77366504854369,-0.28075969,0.788724,-0.0434544,-0.35161399,-1.82986347,1,-0.10,0.71,-0.08,0.00,-0.26,-0.07,0.17,-0.00,-0.77,-0.15,<span style="background-color:#dedeff">i</span> <span style="background-color:#ff1111">hate</span> <span style="background-color:#e3e3ff">the</span> <span style="background-color:#fffefe">movie</span> <span style="background-color:#aaaaff">though</span> <span style="background-color:#e8e8ff">the</span> <span style="background-color:#ffc8c8">plot</span> <span style="background-color:#fefeff">is</span> <span style="background-color:#0000ff">interesting</span> <span style="background-color:#ccccff">.</span> 
5,4,0.4135,0.77609223300971,0.32567529,0.86496583,-0.01603983,-0.19465254,-1.32680031,1,-0.39,0.25,0.12,0.10,0.38,0.03,0.39,0.03,-0.16,-0.38,<span style="background-color:#0404ff">i</span> <span style="background-color:#ff5959">hate</span> <span style="background-color:#ffaeae">the</span> <span style="background-color:#ffc0c0">movie</span> <span style="background-color:#ff0808">though</span> <span style="background-color:#ffecec">the</span> <span style="background-color:#ff0000">plot</span> <span style="background-color:#ffecec">is</span> <span style="background-color:#9393ff">interesting</span> <span style="background-color:#0808ff">.</span> 
5,5,0.4255,0.7876213592233,0.17800427,0.81274222,0.18067231,-0.23879679,-1.66248244,1,-0.76,0.81,0.02,0.23,0.07,-0.08,0.86,-0.07,-1.27,-0.42,<span style="background-color:#6464ff">i</span> <span style="background-color:#ff5c5c">hate</span> <span style="background-color:#fffafa">the</span> <span style="background-color:#ffd0d0">movie</span> <span style="background-color:#fff0f0">though</span> <span style="background-color:#eeeeff">the</span> <span style="background-color:#ff5151">plot</span> <span style="background-color:#f0f0ff">is</span> <span style="background-color:#0000ff">interesting</span> <span style="background-color:#aaaaff">.</span> 
5,7,0.4205,0.76881067961165,0.5885262,0.86591821,-0.04049429,-0.571998,-1.76024646,1,-1.36,1.67,0.06,-0.00,-0.05,0.02,0.54,0.00,-1.17,-0.08,<span style="background-color:#2e2eff">i</span> <span style="background-color:#ff0000">hate</span> <span style="background-color:#fff6f6">the</span> <span style="background-color:#fefeff">movie</span> <span style="background-color:#f6f6ff">though</span> <span style="background-color:#fffcfc">the</span> <span style="background-color:#ffacac">plot</span> <span style="background-color:#fffefe">is</span> <span style="background-color:#4c4cff">interesting</span> <span style="background-color:#f3f3ff">.</span> 
5,10,0.4425,0.77912621359223,0.30451764,0.22662033,-0.02521046,-0.48950213,-0.37424824,0,-0.27,2.65,0.09,0.21,0.38,0.31,1.33,-0.09,-2.72,-0.92,<span style="background-color:#e6e6ff">i</span> <span style="background-color:#ff0606">hate</span> <span style="background-color:#fff6f6">the</span> <span style="background-color:#ffecec">movie</span> <span style="background-color:#ffdcdc">though</span> <span style="background-color:#ffe2e2">the</span> <span style="background-color:#ff8282">plot</span> <span style="background-color:#f6f6ff">is</span> <span style="background-color:#0000ff">interesting</span> <span style="background-color:#a8a8ff">.</span> 
5,15,0.4425,0.81553398058252,1.02645603,1.22831825,-0.2961283,-0.05333825,-0.78871763,1,-1.38,1.00,0.06,0.03,0.40,-0.04,1.13,-0.32,-2.70,-0.13,<span style="background-color:#7c7cff">i</span> <span style="background-color:#ffa0a0">hate</span> <span style="background-color:#fffafa">the</span> <span style="background-color:#fffcfc">movie</span> <span style="background-color:#ffdada">though</span> <span style="background-color:#fcfcff">the</span> <span style="background-color:#ff9393">plot</span> <span style="background-color:#e0e0ff">is</span> <span style="background-color:#0000ff">interesting</span> <span style="background-color:#f3f3ff">.</span> 
5,20,0.4355,0.77305825242718,-0.66194021,-0.24885426,-0.43372201,0.3647871,-0.00154172,3,0.25,-1.47,0.27,0.04,0.41,0.20,-0.53,0.11,2.49,-0.43,<span style="background-color:#ffe6e6">i</span> <span style="background-color:#6868ff">hate</span> <span style="background-color:#ffe4e4">the</span> <span style="background-color:#fffcfc">movie</span> <span style="background-color:#ffd6d6">though</span> <span style="background-color:#ffeaea">the</span> <span style="background-color:#c8c8ff">plot</span> <span style="background-color:#fff4f4">is</span> <span style="background-color:#ff0000">interesting</span> <span style="background-color:#d3d3ff">.</span> 
7,3,0.412,0.78276699029126,1.82269691e+00,2.11018876e+00,1.12757909e-03,-1.19462959e+00,-2.31652135e+00,1,-0.18,0.04,-0.21,0.10,-0.46,-0.17,0.47,-0.08,-0.71,-0.13,<span style="background-color:#bebeff">i</span> <span style="background-color:#fff0f0">hate</span> <span style="background-color:#b3b3ff">the</span> <span style="background-color:#ffdada">movie</span> <span style="background-color:#5959ff">though</span> <span style="background-color:#c2c2ff">the</span> <span style="background-color:#ff5656">plot</span> <span style="background-color:#e0e0ff">is</span> <span style="background-color:#0000ff">interesting</span> <span style="background-color:#d2d2ff">.</span> 
7,4,0.435,0.77912621359223,-0.0818083,0.5889843,0.10550103,-0.07663592,-0.63662206,1,-0.46,0.20,0.04,0.22,0.10,0.07,0.47,-0.04,-1.11,-0.26,<span style="background-color:#9393ff">i</span> <span style="background-color:#ffd0d0">hate</span> <span style="background-color:#fff6f6">the</span> <span style="background-color:#ffcccc">movie</span> <span style="background-color:#ffe8e8">though</span> <span style="background-color:#ffeeee">the</span> <span style="background-color:#ff9393">plot</span> <span style="background-color:#f3f3ff">is</span> <span style="background-color:#0000ff">interesting</span> <span style="background-color:#c3c3ff">.</span> 
7,5,0.4385,0.79490291262136,0.20287118,0.68662218,0.03206958,-0.24746851,-1.30555435,1,-0.63,1.01,-0.33,0.15,-0.19,-0.11,0.56,-0.04,-0.98,-0.35,<span style="background-color:#6060ff">i</span> <span style="background-color:#ff0000">hate</span> <span style="background-color:#aaaaff">the</span> <span style="background-color:#ffd8d8">movie</span> <span style="background-color:#d0d0ff">though</span> <span style="background-color:#e2e2ff">the</span> <span style="background-color:#ff7070">plot</span> <span style="background-color:#f3f3ff">is</span> <span style="background-color:#0606ff">interesting</span> <span style="background-color:#a6a6ff">.</span> 
7,7,0.4485,0.79733009708738,0.04740082,0.37521506,-0.17047921,-0.38242394,-1.17244246,1,-1.13,0.95,0.02,0.07,0.17,0.06,0.67,-0.10,-1.53,-0.45,<span style="background-color:#4141ff">i</span> <span style="background-color:#ff6060">hate</span> <span style="background-color:#fffcfc">the</span> <span style="background-color:#fff4f4">movie</span> <span style="background-color:#ffe2e2">though</span> <span style="background-color:#fff4f4">the</span> <span style="background-color:#ff8e8e">plot</span> <span style="background-color:#eeeeff">is</span> <span style="background-color:#0000ff">interesting</span> <span style="background-color:#b3b3ff">.</span> 
7,10,0.4505,0.79672330097087,0.39545925,1.04294256,0.02228254,-0.48242081,-1.94130119,1,-1.67,1.60,-0.00,-0.20,0.33,-0.32,0.64,-0.26,-2.06,-0.91,<span style="background-color:#3030ff">i</span> <span style="background-color:#ff3838">hate</span> <span style="background-color:#fefeff">the</span> <span style="background-color:#e6e6ff">movie</span> <span style="background-color:#ffd6d6">though</span> <span style="background-color:#d6d6ff">the</span> <span style="background-color:#ffaeae">plot</span> <span style="background-color:#dedeff">is</span> <span style="background-color:#0000ff">interesting</span> <span style="background-color:#8e8eff">.</span> 
7,15,0.434,0.80764563106796,-0.00277688,0.46909982,-0.14346131,0.05338078,-0.82948104,1,-1.17,1.32,-0.01,-0.21,0.17,-0.25,0.66,-0.43,-1.77,-0.58,<span style="background-color:#5656ff">i</span> <span style="background-color:#ff4040">hate</span> <span style="background-color:#fefeff">the</span> <span style="background-color:#e0e0ff">movie</span> <span style="background-color:#ffe6e6">though</span> <span style="background-color:#dcdcff">the</span> <span style="background-color:#ffa0a0">plot</span> <span style="background-color:#c0c0ff">is</span> <span style="background-color:#0000ff">interesting</span> <span style="background-color:#aaaaff">.</span> 
7,20,0.454,0.78883495145631,0.05048313,-0.18172767,-0.99737659,0.40250933,1.5251166 ,4,-0.40,0.15,0.72,0.13,-0.39,0.33,-1.09,0.13,5.43,-0.21,<span style="background-color:#ececff">i</span> <span style="background-color:#fff8f8">hate</span> <span style="background-color:#ffdcdc">the</span> <span style="background-color:#fffafa">movie</span> <span style="background-color:#ececff">though</span> <span style="background-color:#fff0f0">the</span> <span style="background-color:#ccccff">plot</span> <span style="background-color:#fff8f8">is</span> <span style="background-color:#ff0000">interesting</span> <span style="background-color:#f3f3ff">.</span> 
10,3,0.437,0.8003640776699,-0.01103867,0.81145686,-0.08262215,-0.494972,-1.96945549,1,-0.39,1.08,-0.05,0.13,0.14,-0.05,0.87,-0.07,-0.94,-0.31,<span style="background-color:#a2a2ff">i</span> <span style="background-color:#ff0000">hate</span> <span style="background-color:#f3f3ff">the</span> <span style="background-color:#ffe0e0">movie</span> <span style="background-color:#ffdede">though</span> <span style="background-color:#f3f3ff">the</span> <span style="background-color:#ff3030">plot</span> <span style="background-color:#eeeeff">is</span> <span style="background-color:#2020ff">interesting</span> <span style="background-color:#b6b6ff">.</span> 
10,4,0.449,0.79186893203883,0.3952557,1.00095882,0.1753385,-0.20179713,-1.32447733,1,-0.70,0.35,0.06,-0.05,0.57,0.00,0.51,-0.10,-1.57,-0.41,<span style="background-color:#8e8eff">i</span> <span style="background-color:#ffc6c6">hate</span> <span style="background-color:#fff6f6">the</span> <span style="background-color:#f6f6ff">movie</span> <span style="background-color:#ffa2a2">though</span> <span style="background-color:#fffefe">the</span> <span style="background-color:#ffacac">plot</span> <span style="background-color:#eeeeff">is</span> <span style="background-color:#0000ff">interesting</span> <span style="background-color:#bcbcff">.</span> 
10,5,0.429,0.78398058252427,0.85123493,1.14378403,-0.16079033,-0.87318893,-1.82971918,1,-0.59,0.95,-0.12,0.14,-0.03,-0.03,0.72,-0.03,-1.34,-0.40,<span style="background-color:#8e8eff">i</span> <span style="background-color:#ff4949">hate</span> <span style="background-color:#eaeaff">the</span> <span style="background-color:#ffe4e4">movie</span> <span style="background-color:#fafaff">though</span> <span style="background-color:#fafaff">the</span> <span style="background-color:#ff7676">plot</span> <span style="background-color:#fafaff">is</span> <span style="background-color:#0000ff">interesting</span> <span style="background-color:#b2b2ff">.</span> 
10,7,0.4515,0.79308252427184,0.20683445,0.76693426,-0.17940725,-0.32093969,-1.07391189,1,-0.40,0.69,0.10,0.12,0.56,0.16,0.72,-0.05,-1.21,-0.47,<span style="background-color:#aaaaff">i</span> <span style="background-color:#ff6e6e">hate</span> <span style="background-color:#ffeaea">the</span> <span style="background-color:#ffe6e6">movie</span> <span style="background-color:#ff8888">though</span> <span style="background-color:#ffdcdc">the</span> <span style="background-color:#ff6666">plot</span> <span style="background-color:#f3f3ff">is</span> <span style="background-color:#0000ff">interesting</span> <span style="background-color:#9c9cff">.</span> 
10,10,0.449,0.79611650485437,-1.71371379,-0.53876214,-0.39346048,0.54556727,-0.0631431 ,3,0.20,-1.35,0.86,-0.17,0.43,0.46,-0.45,0.62,2.04,0.28,<span style="background-color:#ffe6e6">i</span> <span style="background-color:#5656ff">hate</span> <span style="background-color:#ff9393">the</span> <span style="background-color:#eaeaff">movie</span> <span style="background-color:#ffc8c8">though</span> <span style="background-color:#ffc6c6">the</span> <span style="background-color:#c6c6ff">plot</span> <span style="background-color:#ffb2b2">is</span> <span style="background-color:#ff0000">interesting</span> <span style="background-color:#ffdcdc">.</span> 
10,15,0.459,0.7997572815534,-0.5505362,0.22554379,-0.32780436,-0.06425472,-0.74780826,1,-1.12,2.23,-0.32,0.44,-0.07,-0.05,0.84,-0.38,-1.97,-0.86,<span style="background-color:#7e7eff">i</span> <span style="background-color:#ff0000">hate</span> <span style="background-color:#dadaff">the</span> <span style="background-color:#ffcccc">movie</span> <span style="background-color:#f6f6ff">though</span> <span style="background-color:#f8f8ff">the</span> <span style="background-color:#ff9e9e">plot</span> <span style="background-color:#d3d3ff">is</span> <span style="background-color:#1c1cff">interesting</span> <span style="background-color:#9c9cff">.</span> 
10,20,0.434,0.7870145631068,1.63149267,0.72189954,-0.43369396,-1.43580031,-1.68409467,0,-0.63,2.60,0.20,0.57,-1.26,0.22,0.76,0.33,-1.13,-0.69,<span style="background-color:#c2c2ff">i</span> <span style="background-color:#ff0000">hate</span> <span style="background-color:#ffecec">the</span> <span style="background-color:#ffc8c8">movie</span> <span style="background-color:#8383ff">though</span> <span style="background-color:#ffeaea">the</span> <span style="background-color:#ffb3b3">plot</span> <span style="background-color:#ffdede">is</span> <span style="background-color:#9090ff">interesting</span> <span style="background-color:#babaff">.</span> 
15,3,0.4385,0.78944174757282,0.62161219,1.02386622,-0.47183757,-0.76698169,-1.63690847,1,-0.02,0.65,-0.10,0.26,0.03,-0.06,0.52,-0.01,-0.69,0.05,<span style="background-color:#f8f8ff">i</span> <span style="background-color:#ff0e0e">hate</span> <span style="background-color:#dadaff">the</span> <span style="background-color:#ff9e9e">movie</span> <span style="background-color:#fff4f4">though</span> <span style="background-color:#e6e6ff">the</span> <span style="background-color:#ff4040">plot</span> <span style="background-color:#fcfcff">is</span> <span style="background-color:#0000ff">interesting</span> <span style="background-color:#ffeeee">.</span> 
15,4,0.4285,0.79004854368932,0.01658567,0.92162536,0.04561586,-0.92575995,-2.17569497,1,-0.34,0.98,-0.06,0.18,-0.27,-0.13,0.43,-0.10,-1.27,-0.14,<span style="background-color:#babaff">i</span> <span style="background-color:#ff3939">hate</span> <span style="background-color:#f2f2ff">the</span> <span style="background-color:#ffdcdc">movie</span> <span style="background-color:#c8c8ff">though</span> <span style="background-color:#e6e6ff">the</span> <span style="background-color:#ffa8a8">plot</span> <span style="background-color:#eaeaff">is</span> <span style="background-color:#0000ff">interesting</span> <span style="background-color:#e3e3ff">.</span> 
15,5,0.457,0.81067961165049,1.10450892,0.84171771,-0.47276251,-0.72733821,-1.49090054,0,-0.76,2.67,-0.38,0.37,-0.62,-0.26,0.84,-0.16,-1.74,-0.28,<span style="background-color:#b6b6ff">i</span> <span style="background-color:#ff0000">hate</span> <span style="background-color:#dadaff">the</span> <span style="background-color:#ffdcdc">movie</span> <span style="background-color:#c3c3ff">though</span> <span style="background-color:#e6e6ff">the</span> <span style="background-color:#ffaeae">plot</span> <span style="background-color:#f0f0ff">is</span> <span style="background-color:#5858ff">interesting</span> <span style="background-color:#e3e3ff">.</span> 
15,7,0.439,0.79733009708738,0.62136759,0.91920414,-0.38649299,-0.38854769,-1.63497126,1,-0.93,0.74,-0.29,-0.03,-0.25,-0.10,0.35,-0.13,-0.95,-0.20,<span style="background-color:#0404ff">i</span> <span style="background-color:#ff3636">hate</span> <span style="background-color:#b0b0ff">the</span> <span style="background-color:#f8f8ff">movie</span> <span style="background-color:#bcbcff">though</span> <span style="background-color:#e6e6ff">the</span> <span style="background-color:#ffa0a0">plot</span> <span style="background-color:#dcdcff">is</span> <span style="background-color:#0000ff">interesting</span> <span style="background-color:#cacaff">.</span> 
15,10,0.445,0.78094660194175,0.36425331,0.37968964,-0.45730932,-0.78591059,-1.84563341,1,-0.66,0.92,-0.17,0.10,-0.06,-0.19,0.51,-0.27,-1.24,-0.81,<span style="background-color:#7676ff">i</span> <span style="background-color:#ff4141">hate</span> <span style="background-color:#dadaff">the</span> <span style="background-color:#ffeaea">movie</span> <span style="background-color:#f2f2ff">though</span> <span style="background-color:#d8d8ff">the</span> <span style="background-color:#ff9696">plot</span> <span style="background-color:#c6c6ff">is</span> <span style="background-color:#0000ff">interesting</span> <span style="background-color:#5858ff">.</span> 
15,15,0.455,0.80521844660194,0.46837087,0.18185792,-0.75374727,-0.27244789,-0.84029582,0,-0.91,3.26,-0.24,0.48,0.50,-0.15,1.29,-0.35,-3.51,-0.12,<span style="background-color:#bcbcff">i</span> <span style="background-color:#ff1111">hate</span> <span style="background-color:#eeeeff">the</span> <span style="background-color:#ffdcdc">movie</span> <span style="background-color:#ffdada">though</span> <span style="background-color:#f3f3ff">the</span> <span style="background-color:#ffa2a2">plot</span> <span style="background-color:#e6e6ff">is</span> <span style="background-color:#0000ff">interesting</span> <span style="background-color:#f6f6ff">.</span> 
15,20,0.4435,0.82281553398058,0.42857734,0.2857573,-0.84626732,-0.89415892,-1.49383941,0,-1.32,3.25,0.06,0.57,-1.14,0.05,0.93,-0.32,-4.42,0.18,<span style="background-color:#b2b2ff">i</span> <span style="background-color:#ff4141">hate</span> <span style="background-color:#fffcfc">the</span> <span style="background-color:#ffdede">movie</span> <span style="background-color:#bebeff">though</span> <span style="background-color:#fffcfc">the</span> <span style="background-color:#ffc8c8">plot</span> <span style="background-color:#ececff">is</span> <span style="background-color:#0000ff">interesting</span> <span style="background-color:#fff4f4">.</span> 
20,3,0.4335,0.80218446601942,1.12481211,1.57798574,0.10553388,-0.97999423,-2.33718437,1,-0.29,0.81,0.29,0.11,0.19,0.23,0.53,-0.02,-1.04,-0.04,<span style="background-color:#b6b6ff">i</span> <span style="background-color:#ff3838">hate</span> <span style="background-color:#ffb8b8">the</span> <span style="background-color:#ffe2e2">movie</span> <span style="background-color:#ffd0d0">though</span> <span style="background-color:#ffc6c6">the</span> <span style="background-color:#ff7e7e">plot</span> <span style="background-color:#fafaff">is</span> <span style="background-color:#0000ff">interesting</span> <span style="background-color:#f3f3ff">.</span> 
20,4,0.4355,0.79186893203883,0.61506729,1.10791841,-0.02060285,-0.93490487,-2.22011928,1,-0.29,1.09,-0.16,0.15,-0.11,-0.01,0.68,-0.05,-1.25,-0.16,<span style="background-color:#c3c3ff">i</span> <span style="background-color:#ff2020">hate</span> <span style="background-color:#dedeff">the</span> <span style="background-color:#ffe0e0">movie</span> <span style="background-color:#eaeaff">though</span> <span style="background-color:#fefeff">the</span> <span style="background-color:#ff7474">plot</span> <span style="background-color:#f6f6ff">is</span> <span style="background-color:#0000ff">interesting</span> <span style="background-color:#dedeff">.</span> 
20,5,0.451,0.8118932038835,1.26299144,1.00928504,-0.49274223,-0.47306389,-1.21959754,0,-0.04,0.99,-0.09,0.22,-0.18,-0.12,0.50,-0.14,-1.47,-0.19,<span style="background-color:#f8f8ff">i</span> <span style="background-color:#ff5454">hate</span> <span style="background-color:#f0f0ff">the</span> <span style="background-color:#ffd8d8">movie</span> <span style="background-color:#e0e0ff">though</span> <span style="background-color:#eaeaff">the</span> <span style="background-color:#ffa8a8">plot</span> <span style="background-color:#e6e6ff">is</span> <span style="background-color:#0000ff">interesting</span> <span style="background-color:#dedeff">.</span> 
20,7,0.4625,0.80582524271845,0.56510223,0.85286474,-0.31784711,-1.15428913,-2.18651077,1,-0.85,1.20,-0.07,-0.00,0.57,-0.10,0.54,-0.18,-1.53,-0.42,<span style="background-color:#7171ff">i</span> <span style="background-color:#ff3636">hate</span> <span style="background-color:#f3f3ff">the</span> <span style="background-color:#fefeff">movie</span> <span style="background-color:#ffa0a0">though</span> <span style="background-color:#eeeeff">the</span> <span style="background-color:#ffa6a6">plot</span> <span style="background-color:#e0e0ff">is</span> <span style="background-color:#0000ff">interesting</span> <span style="background-color:#babaff">.</span> 
20,10,0.4545,0.80157766990291,0.0568606,0.42068881,-0.45236516,-0.64771572,-1.78240063,1,-0.77,0.88,0.07,0.00,0.53,0.08,0.67,-0.18,-1.86,-0.35,<span style="background-color:#9393ff">i</span> <span style="background-color:#ff8686">hate</span> <span style="background-color:#fff6f6">the</span> <span style="background-color:#fffefe">movie</span> <span style="background-color:#ffb6b6">though</span> <span style="background-color:#fff4f4">the</span> <span style="background-color:#ffa2a2">plot</span> <span style="background-color:#e6e6ff">is</span> <span style="background-color:#0000ff">interesting</span> <span style="background-color:#d0d0ff">.</span> 
20,15,0.4525,0.77366504854369,0.87159609,1.42353205,-0.62645194,-1.38703037,-2.14700832,1,-1.03,1.53,0.18,0.12,0.57,0.06,0.58,-0.33,-1.82,-0.43,<span style="background-color:#6e6eff">i</span> <span style="background-color:#ff2828">hate</span> <span style="background-color:#ffe6e6">the</span> <span style="background-color:#ffeeee">movie</span> <span style="background-color:#ffaeae">though</span> <span style="background-color:#fff6f6">the</span> <span style="background-color:#ffaeae">plot</span> <span style="background-color:#d0d0ff">is</span> <span style="background-color:#0000ff">interesting</span> <span style="background-color:#c2c2ff">.</span> 
20,20,0.4655,0.81371359223301,0.99138132,0.79780913,-0.58005589,-1.05226657,-0.90846486,0,-0.62,2.95,-0.01,1.12,-0.17,0.10,1.76,-0.60,-4.26,0.56,<span style="background-color:#dadaff">i</span> <span style="background-color:#ff4e4e">hate</span> <span style="background-color:#fefeff">the</span> <span style="background-color:#ffbcbc">movie</span> <span style="background-color:#f6f6ff">though</span> <span style="background-color:#fff8f8">the</span> <span style="background-color:#ff9696">plot</span> <span style="background-color:#dadaff">is</span> <span style="background-color:#0000ff">interesting</span> <span style="background-color:#ffdede">.</span> 
